,User_ID,User,Country
0,1,Mark Hernandez,United States of America
1,2,Oliver Jones,United States of America
2,3,Niam Taylor,United States of America
3,4,Oliver Lopez,United States of America
4,5,Mary Miller,United States of America
5,6,Lisa Lopez,United States of America
6,7,Robert Lopez,United States of America
7,8,William Smith,United States of America
8,9,Lucas Lopez,United States of America
9,10,Paul Taylor,United States of America
10,11,William Gonzales,United States of America
11,12,Mary Wilson,United States of America
12,13,Michael Lopez,United States of America
13,14,Kris Garcia,United States of America
14,15,Richard Hernandez,United States of America
15,16,Mary Gonzales,United States of America
16,17,Charles Martinez,United States of America
17,18,Lisa Taylor,United States of America
18,19,Linda Smith,United States of America
19,20,Charles Gonzales,United States of America
20,21,Daniel Gonzales,United States of America
21,22,Robert Johnson,United States of America
22,23,Kris Moore,United States of America
23,24,Kris Johnson,United States of America
24,25,Niam Williams,United States of America
25,26,William Miller,United States of America
26,27,Robert Brown,United States of America
27,28,John Lopez,United States of America
28,29,Robert Miller,United States of America
29,30,Linda Anderson,United States of America
30,31,Noah Davis,United States of America
31,32,James Johnson,United States of America
32,33,Thomas Smith,United States of America
33,34,Richard Miller,United States of America
34,35,Mark Davis,United States of America
35,36,William Davis,United States of America
36,37,Richard Johnson,United States of America
37,38,Linda Garcia,United States of America
38,39,Mary Martinez,United States of America
39,40,Charles Brown,United States of America
40,41,Robert Rodriguez,United States of America
41,42,Paul Rodriguez,United States of America
42,43,Lucas Jackson,United States of America
43,44,Jennifer Anderson,United States of America
44,45,Sarah Gonzales,United States of America
45,46,Oliver Smith,United States of America
46,47,Maria Smith,United States of America
47,48,Lisa Williams,United States of America
48,49,Noah Jackson,United States of America
49,50,Jennifer Smith,United States of America
50,51,Mary Thomas,United States of America
51,52,Jennifer Thomas,United States of America
52,53,Benjamin Johnson,United States of America
53,54,Maria Anderson,United States of America
54,55,Mark Smith,United States of America
55,56,John Martin,United States of America
56,57,Helen Jackson,United States of America
57,58,Benjamin Gonzales,United States of America
58,59,Mary Jackson,United States of America
59,60,Jennifer Hernandez,United States of America
60,61,Jennifer Johnson,United States of America
61,62,Elizabeth Rodriguez,United States of America
62,63,Jennifer Davis,United States of America
63,64,John Smith,United States of America
64,65,Thomas Jackson,United States of America
65,66,Kris Jones,United States of America
66,67,James Anderson,United States of America
67,68,Diana Harutyunyan,Armenia
68,69,Levon Hakobyan,Armenia
69,70,Ashot Stepanyan,Armenia
70,71,Armen Harutyunyan,Armenia
71,72,Levon Hovhannisyan,Armenia
72,73,Gevorg Ohanyan,Armenia
73,74,Ashot Khachatryan,Armenia
74,75,Hasmik Hovhannisyan,Armenia
75,76,Ashot Arakelyan,Armenia
76,77,Hovhannes Babayan,Armenia
77,78,Victor Vardanyan,Armenia
78,79,Sona Arakelyan,Armenia
79,80,Roza Sargsyan,Armenia
80,81,Karen Arakelyan,Armenia
81,82,Armen Khachatryan,Armenia
82,83,Anna Vardanyan,Armenia
83,84,Diana Gevorgyan,Armenia
84,85,Vahe Ohanyan,Armenia
85,86,Diana Ohanyan,Armenia
86,87,Victor Ohanyan,Armenia
87,88,Anahit Karapetyan,Armenia
88,89,Victor Barseghyan,Armenia
89,90,Sona Stepanyan,Armenia
90,91,Roza Khachatryan,Armenia
91,92,Hovhannes Hakobyan,Armenia
92,93,Anahit Gevorgyan,Armenia
93,94,Vahe Harutyunyan,Armenia
94,95,Ashot Ohanyan,Armenia
95,96,Narek Vardanyan,Armenia
96,97,Karen Gevorgyan,Armenia
97,98,Roza Hovhannisyan,Armenia
98,99,Gevorg Muradyan,Armenia
99,100,Artur Khachatryan,Armenia
100,101,Ashot Barseghyan,Armenia
101,102,Sona Hakobyan,Armenia
102,103,Ashot Harutyunyan,Armenia
103,104,Vahe Khachatryan,Armenia
104,105,Vahe Sargsyan,Armenia
105,106,Evgeny Kuznetsov,Russia
106,107,Grigory Sokolov,Russia
107,108,Evgeny Lebedev,Russia
108,109,Victor Abakumov,Russia
109,110,Kiril Semyonov,Russia
110,111,Sergey Ivanov,Russia
111,112,Ivan Ivanov,Russia
112,113,Anna Ivanovna,Russia
113,114,Alex Semyonov,Russia
114,115,Marina Alexandrova,Russia
115,116,Viktoriya Isakova,Russia
116,117,Aleksandr Alekseyev,Russia
117,118,Inga Afonina,Russia
118,119,Karina Aznavourian,Russia
119,120,Vladimir Savdunin,Russia
120,121,Elena Baranova,Russia
121,122,Sergei Bykov,Russia
122,123,Yuri Ozerov,Russia
123,124,Olga Yakovleva,Russia
